[
 {
   "deadline": "1/31/18",
   "scholarship_name": "Hammock Expert Scholarship",
   "scholarship_URL": "https://thehammockexpert.com/scholarship/",
   "award": "1500",
   "merit_or_need": ""
 },
 {
   "deadline": "1/31/18",
   "scholarship_name": "$1,000 Review Your Company Sweepstakes",
   "scholarship_URL": "https://www.niche.com/places-to-work/review-your-company-sweepstakes/",
   "award": "1,000",
   "merit_or_need": ""
 },
 {
   "deadline": "1/31/18",
   "scholarship_name": "Local Survey $1,000 Sweepstakes",
   "scholarship_URL": "https://www.niche.com/places-to-live/local-survey-sweepstakes/",
   "award": "1000",
   "merit_or_need": ""
 },
 {
   "deadline": "1/31/18",
   "scholarship_name": "$500 CollegeWeekLive Scholarship",
   "scholarship_URL": "https://www.collegeweeklive.com/go/january-scholarship?refcode=PAR_NICHE_WEB_SCHOL_JAN18",
   "award": "500",
   "merit_or_need": ""
 },
 {
   "deadline": "1/31/18",
   "scholarship_name": "Review Your School $1,000 Scholarship",
   "scholarship_URL": "https://www.niche.com/k12/school-survey-sweepstakes/",
   "award": "1000",
   "merit_or_need": ""
 },
 {
   "deadline": "1/31/18",
   "scholarship_name": "$2,000 \"No Essay\" Scholarship",
   "scholarship_URL": "https://www.niche.com/colleges/scholarship/no-essay-scholarship/",
   "award": "2000",
   "merit_or_need": ""
 },
 {
   "deadline": "1/31/18",
   "scholarship_name": "$1,000 Plan for College Scholarship",
   "scholarship_URL": "https://www.salliemae.com/college-planning/registration/?dtd_cell=%20SMPLCADCOTDOWBOTOTHOTHRN010003",
   "award": "1000",
   "merit_or_need": ""
 },
 {
   "deadline": "1/31/18",
   "scholarship_name": "$100,000 Your Opinion Matters Scholarship",
   "scholarship_URL": "https://www.permissionresearch.com/sweeps.aspx?action=cookieTest&trackid=-1&sitegroup=5&siteid=5001&languageid=1",
   "award": "100000",
   "merit_or_need": ""
 },
 {
   "deadline": "1/31/18",
   "scholarship_name": "DoSomething.org $2,000 Scholarship",
   "scholarship_URL": "https://www.dosomething.org/us/campaigns/mirror-messages/pages/scholarships?source=niche&utm_source=partner&utm_medium=scholarship_listing&utm_campaign=niche",
   "award": "2000",
   "merit_or_need": ""
 },
 {
   "deadline": "2/1/18",
   "scholarship_name": "Music Authority",
   "scholarship_URL": "https://musicauthority.org/scholarships/",
   "award": "1000",
   "merit_or_need": ""
 },
 {
   "deadline": "2/1/18",
   "scholarship_name": "Zeta Phi Beta General Undergraduate Scholarship",
   "scholarship_URL": "http://www.zpbnef1975.org/scholarships--descriptions.html",
   "award": "1000",
   "merit_or_need": ""
 },
 {
   "deadline": "2/1/18",
   "scholarship_name": "Arlene and Dennis Schlosser Memorial Endowment Scholarship",
   "scholarship_URL": "http://scholarship.epsilonsigmaalpha.org/",
   "award": "11000",
   "merit_or_need": ""
 },
 {
   "deadline": "2/1/18",
   "scholarship_name": "ESA Foundation Endowment Scholarship",
   "scholarship_URL": "http://scholarship.epsilonsigmaalpha.org/",
   "award": "1250",
   "merit_or_need": ""
 },
 {
   "deadline": "2/1/18",
   "scholarship_name": "General Endowment Scholarship",
   "scholarship_URL": "http://scholarship.epsilonsigmaalpha.org/",
   "award": "1000",
   "merit_or_need": ""
 },
 {
   "deadline": "2/1/18",
   "scholarship_name": "Mary Louise Smith Mememorial Endowment Scholarship",
   "scholarship_URL": "http://scholarship.epsilonsigmaalpha.org/",
   "award": "3500",
   "merit_or_need": ""
 },
 {
   "deadline": "2/1/18",
   "scholarship_name": "Roothbert Fund Scholarship",
   "scholarship_URL": "https://roothbertapplication.fluidreview.com/",
   "award": "2500",
   "merit_or_need": ""
 },
 {
   "deadline": "2/1/18",
   "scholarship_name": "Rosagene Huggins Memorial Endowment Scholarship",
   "scholarship_URL": "http://scholarship.epsilonsigmaalpha.org/",
   "award": "600",
   "merit_or_need": ""
 },
 {
   "deadline": "2/1/18",
   "scholarship_name": "Ruth Gregg Memorial Endowment Scholarship",
   "scholarship_URL": "http://scholarship.epsilonsigmaalpha.org/",
   "award": "700",
   "merit_or_need": ""
 },
 {
   "deadline": "2/10/18",
   "scholarship_name": "Action Track Scholarship",
   "scholarship_URL": "http://www.top-work-boots.com/scholarship/",
   "award": "1000",
   "merit_or_need": ""
 },
 {
   "deadline": "2/10/18",
   "scholarship_name": "Joanne Champion Granger Scholarship",
   "scholarship_URL": "http://www.homeny.org/events-updates/joannne-champion-granger-scholarship/",
   "award": "1000",
   "merit_or_need": ""
 },
 {
   "deadline": "2/12/18",
   "scholarship_name": "Injury Scholarship",
   "scholarship_URL": "http://harrispersonalinjury.com/injury-scholarship/",
   "award": "1000",
   "merit_or_need": ""
 },
 {
   "deadline": "2/15/18",
   "scholarship_name": "The Levin Firm Scholarship",
   "scholarship_URL": "https://www.levininjuryfirm.com/scholarship/",
   "award": "1000",
   "merit_or_need": ""
 },
 {
   "deadline": "2/20/18",
   "scholarship_name": "LA Tutors Innovation in Education Scholarship",
   "scholarship_URL": "http://www.latutors123.com/scholarship/",
   "award": "500",
   "merit_or_need": ""
 },
 {
   "deadline": "2/28/18",
   "scholarship_name": "iSystem Scholarship",
   "scholarship_URL": "https://www.emergencyisystems.com/isystem-scholarship/",
   "award": "1000",
   "merit_or_need": ""
 },
 {
   "deadline": "2/28/18",
   "scholarship_name": "I Heart My School Scholarship",
   "scholarship_URL": "https://www.abodo.com/scholarship",
   "award": "500",
   "merit_or_need": ""
 },
 {
   "deadline": "2/28/18",
   "scholarship_name": "eLearners Scholarship",
   "scholarship_URL": "https://www.elearners.com/scholarships/online-students/",
   "award": "1000",
   "merit_or_need": ""
 },
 {
   "deadline": "3/1/18",
   "scholarship_name": "Create a Greeting Card Scholarship",
   "scholarship_URL": "https://www.gallerycollection.com/greetingcardscontests.htm",
   "award": "10000",
   "merit_or_need": ""
 },
 {
   "deadline": "3/1/18",
   "scholarship_name": "The Craig McConnel Scholarship Program",
   "scholarship_URL": "http://craigmcconnel.com/scholarship/",
   "award": "500",
   "merit_or_need": ""
 },
 {
   "deadline": "3/1/18",
   "scholarship_name": "Golarath College Scholarship Essay Contest",
   "scholarship_URL": "http://galorath.com/Galorath-College-Scholarship-Essay-Contest",
   "award": "600",
   "merit_or_need": ""
 },
 {
   "deadline": "3/1/18",
   "scholarship_name": "RentLingo Dream Big Scholarship",
   "scholarship_URL": "https://www.rentlingo.com/scholarship",
   "award": "1000",
   "merit_or_need": ""
 },
 {
   "deadline": "3/1/18",
   "scholarship_name": "All for Mailers Scholarship",
   "scholarship_URL": "https://www.allformailers.com/student-scholarship/",
   "award": "500",
   "merit_or_need": ""
 },
 {
   "deadline": "3/1/18",
   "scholarship_name": "Dispensable Soccer Scholarship",
   "scholarship_URL": "http://dispensablesoccer.com/scholarships/",
   "award": "500",
   "merit_or_need": ""
 },
 {
   "deadline": "3/1/18",
   "scholarship_name": "Embrace Tutoring College Essay Contest",
   "scholarship_URL": "http://www.embracetutoring.com/college-essay-contest/",
   "award": "1000",
   "merit_or_need": ""
 },
 {
   "deadline": "3/5/18",
   "scholarship_name": "Casper Scholarship Program",
   "scholarship_URL": "https://casper.com/scholarships",
   "award": "2000",
   "merit_or_need": ""
 },
 {
   "deadline": "3/10/18",
   "scholarship_name": "A-1 Auto Transport Scholarship",
   "scholarship_URL": "https://www.a1autotransport.com/a-1-auto-transport-scholarship/",
   "award": "1000",
   "merit_or_need": ""
 },
 {
   "deadline": "3/15/18",
   "scholarship_name": "Stuart J. Guss College Student Scholarship",
   "scholarship_URL": "https://attorneyguss.com/annual-stewart-j-guss-college-student-scholarship/",
   "award": "1000",
   "merit_or_need": ""
 },
 {
   "deadline": "3/15/18",
   "scholarship_name": "FormSwift Startup Scholarship",
   "scholarship_URL": "https://formswift.com/startup-scholarship",
   "award": "1000",
   "merit_or_need": ""
 },
 {
   "deadline": "3/20/18",
   "scholarship_name": "LA Tutors Innovation in Education Scholarship",
   "scholarship_URL": "http://www.latutors123.com/scholarship/",
   "award": "500",
   "merit_or_need": ""
 },
 {
   "deadline": "3/21/18",
   "scholarship_name": "Jack Kent Cooke Foundation College Scholarship",
   "scholarship_URL": "http://www.jkcf.org/",
   "award": "1000",
   "merit_or_need": ""
 },
 {
   "deadline": "3/23/18",
   "scholarship_name": "ReviewLatest.com Scholarship Program",
   "scholarship_URL": "http://www.reviewlatest.com/scholarship-program/",
   "award": "1000",
   "merit_or_need": ""
 },
 {
   "deadline": "3/24/18",
   "scholarship_name": "SmileTutor Quarterly College Student Scholarship",
   "scholarship_URL": "https://smiletutor.sg/scholarship/",
   "award": "2000",
   "merit_or_need": ""
 },
 {
   "deadline": "3/30/18",
   "scholarship_name": "1000 Dreams Scholarship",
   "scholarship_URL": "https://www.growyourgiving.org/scholarships/1000-dreams-scholarship-fund",
   "award": "1000",
   "merit_or_need": "Need"
 },
 {
   "deadline": "3/30/18",
   "scholarship_name": "$500 Looper Pedal Scholarship",
   "scholarship_URL": "http://www.bestlooperpedalsguide.com/scholarship/",
   "award": "500",
   "merit_or_need": ""
 },
 {
   "deadline": "3/31/18",
   "scholarship_name": "Izenda Embedded BI & Analytics Scholarship",
   "scholarship_URL": "https://www.izenda.com/embedded-bi-and-analytics-scholarship/",
   "award": "1000",
   "merit_or_need": ""
 },
 {
   "deadline": "3/31/18",
   "scholarship_name": "Trekking Pole Reviews Scholarship",
   "scholarship_URL": "https://trekkingpolereviews.com/scholarship/",
   "award": "1250",
   "merit_or_need": ""
 },
 {
   "deadline": "3/31/18",
   "scholarship_name": "Montem Health and Wellness Scholarship",
   "scholarship_URL": "https://montemlife.com/scholarship/",
   "award": "1500",
   "merit_or_need": ""
 },
 {
   "deadline": "3/31/18",
   "scholarship_name": "Campus Saftey Health & Environmental Management Assumption Scholarship",
   "scholarship_URL": "http://www.cshema.org/content.aspx?id=2163",
   "award": "3000",
   "merit_or_need": ""
 },
 {
   "deadline": "3/31/18",
   "scholarship_name": "Goldberg & Osborne Don't Drive and Text Scholarship",
   "scholarship_URL": "https://1800theeagle.com/scholarships/",
   "award": "1000",
   "merit_or_need": ""
 },
 {
   "deadline": "3/31/18",
   "scholarship_name": "Active Life Financial Literacy Scholarship",
   "scholarship_URL": "http://www.getupgetactive.org/scholarship/",
   "award": "1000",
   "merit_or_need": ""
 },
 {
   "deadline": "3/31/18",
   "scholarship_name": "Sleeklens Academic Scholarship Program",
   "scholarship_URL": "https://sleeklens.com/the-sleeklens-academic-scholarship/",
   "award": "2000",
   "merit_or_need": ""
 },
 {
   "deadline": "3/31/18",
   "scholarship_name": "AfterCollege Succurro Scholarship",
   "scholarship_URL": "https://www.aftercollege.com/scholarships/?source=ur-sch-collegeboard",
   "award": "500",
   "merit_or_need": ""
 },
 {
   "deadline": "3/31/18",
   "scholarship_name": "Finance Your Future Student Scholarship",
   "scholarship_URL": "https://www.opploans.com/scholarship/",
   "award": "2500",
   "merit_or_need": ""
 },
 {
   "deadline": "3/31/18",
   "scholarship_name": "KidGuard for Education Essay Scholarship Program",
   "scholarship_URL": "https://www.kidguard.com/nonprofits/high-school-scholarship/",
   "award": "1000",
   "merit_or_need": ""
 },
 {
   "deadline": "4/1/18",
   "scholarship_name": "Price It Here, Inc. Scholarship Program",
   "scholarship_URL": "https://priceithere.com/scholarship/",
   "award": "1000",
   "merit_or_need": ""
 },
 {
   "deadline": "4/1/18",
   "scholarship_name": "Project Yellow Light Scholarship",
   "scholarship_URL": "http://projectyellowlight.com/",
   "award": "2000",
   "merit_or_need": ""
 },
 {
   "deadline": "4/1/18",
   "scholarship_name": "12 Keys Academic Scholarship",
   "scholarship_URL": "https://www.12keysrehab.com/about/scholarship.html",
   "award": "500",
   "merit_or_need": ""
 },
 {
   "deadline": "4/1/18",
   "scholarship_name": "InvestmentZen Financial Future Scholarship",
   "scholarship_URL": "http://www.investmentzen.com/scholarship",
   "award": "1000",
   "merit_or_need": ""
 },
 {
   "deadline": "4/1/18",
   "scholarship_name": "Community Veterinary Partners Scholarship Program",
   "scholarship_URL": "https://cvpco.com/community/",
   "award": "1000",
   "merit_or_need": ""
 },
 {
   "deadline": "4/15/18",
   "scholarship_name": "Pretty Photoshop Actions Scholarship",
   "scholarship_URL": "https://www.photoshopactions.com/pages/pretty-photoshop-actions-scholarship-program",
   "award": "500",
   "merit_or_need": ""
 },
 {
   "deadline": "4/15/18",
   "scholarship_name": "Runabees Scholarship",
   "scholarship_URL": "http://runabees.com/for-students/",
   "award": "500",
   "merit_or_need": ""
 },
 {
   "deadline": "4/15/18",
   "scholarship_name": "RewardExpert Study Abroad Scholarship",
   "scholarship_URL": "https://www.rewardexpert.com/scholarship",
   "award": "1000",
   "merit_or_need": ""
 },
 {
   "deadline": "4/15/18",
   "scholarship_name": "Zavodnick & Lasky Future Leaders Scholarship",
   "scholarship_URL": "https://www.zavodnicklaw.com/scholarship/",
   "award": "1000",
   "merit_or_need": ""
 },
 {
   "deadline": "4/20/18",
   "scholarship_name": "Monk's Home Improvement Service Scholarship",
   "scholarship_URL": "https://monkshomeimprovements.com/scholarship/",
   "award": "2000",
   "merit_or_need": ""
 },
 {
   "deadline": "4/20/18",
   "scholarship_name": "LA Tutors Innovation in Education Scholarship",
   "scholarship_URL": "http://www.latutors123.com/scholarship/",
   "award": "500",
   "merit_or_need": ""
 },
 {
   "deadline": "4/21/18",
   "scholarship_name": "LI Attorney Ronald D. Weiss College Scholarship",
   "scholarship_URL": "http://www.ny-bankruptcy.com/scholarship/",
   "award": "2500",
   "merit_or_need": ""
 },
 {
   "deadline": "4/26/18",
   "scholarship_name": "Albertson & Davidson, LLP Scholarship ",
   "scholarship_URL": "http://www.aldavlaw.com/scholarship/",
   "award": "1500",
   "merit_or_need": ""
 },
 {
   "deadline": "4/30/18",
   "scholarship_name": "CARiD Scholarship",
   "scholarship_URL": "https://www.carid.com/scholarships.html",
   "award": "1000",
   "merit_or_need": ""
 },
 {
   "deadline": "4/30/18",
   "scholarship_name": "MuchGames Research Grant",
   "scholarship_URL": "http://www.muchgames.com/video-game-addiction-research/",
   "award": "1500",
   "merit_or_need": ""
 },
 {
   "deadline": "4/30/18",
   "scholarship_name": "Chaffin Luhana Anti-Distracted Driving Scholarship Essay Contest",
   "scholarship_URL": "https://www.ohiovalleypilawyers.com/contest/",
   "award": "2000",
   "merit_or_need": ""
 },
 {
   "deadline": "4/30/18",
   "scholarship_name": "RentHop Apartment Scholarship",
   "scholarship_URL": "https://www.renthop.com/college_scholarship",
   "award": "1000",
   "merit_or_need": ""
 },
 {
   "deadline": "4/30/18",
   "scholarship_name": "Price Benowitz Social Justice Scholarship",
   "scholarship_URL": "https://pricebenowitz.com/2017-price-benowitz-social-justice-scholarship/",
   "award": "1500",
   "merit_or_need": ""
 },
 {
   "deadline": "5/1/18",
   "scholarship_name": "1800wheelchair.com Scholarship",
   "scholarship_URL": "http://www.1800wheelchair.com/scholarship/",
   "award": "500",
   "merit_or_need": ""
 },
 {
   "deadline": "5/1/18",
   "scholarship_name": "Faith Hope and Love Jesus Annual College Scholarship",
   "scholarship_URL": "http://faithhopeandlovejesus.org/college_scholarship",
   "award": "500",
   "merit_or_need": ""
 },
 {
   "deadline": "5/1/18",
   "scholarship_name": "April Cockerham DREAM Act Scholarship",
   "scholarship_URL": "https://thevisafirm.com/2017-dream-act-scholarship/",
   "award": "500",
   "merit_or_need": ""
 },
 {
   "deadline": "5/1/18",
   "scholarship_name": "Ed Tayter Outstanding Citizen Scholarship",
   "scholarship_URL": "http://mdcriminalattorney.net/scholarship.html",
   "award": "500",
   "merit_or_need": ""
 },
 {
   "deadline": "5/1/18",
   "scholarship_name": "Karin Riley Porter Good Works Scholarship",
   "scholarship_URL": "http://www.virginia-criminallawyer.com/2016-good-works-scholarship.html",
   "award": "500",
   "merit_or_need": ""
 },
 {
   "deadline": "5/1/18",
   "scholarship_name": "Kush Arora Federal Justice Reform Scholarship",
   "scholarship_URL": "https://maryland-criminallawyer.com/2016-federal-justice-reform-scholarship/",
   "award": "500",
   "merit_or_need": ""
 },
 {
   "deadline": "5/15/18",
   "scholarship_name": "Marks & Harrison Scholarship",
   "scholarship_URL": "https://www.marksandharrison.com/tappahannock-scholarship/",
   "award": "2500",
   "merit_or_need": ""
 },
 {
   "deadline": "5/15/18",
   "scholarship_name": "CFR Rinkens' Transportation & Logistics Scholarship",
   "scholarship_URL": "https://www.cfrrinkens.com/cfr-rinkens-transportation-logistics-scholarship/",
   "award": "500",
   "merit_or_need": ""
 },
 {
   "deadline": "5/20/18",
   "scholarship_name": "LA Tutors Innovation in Education Scholarship",
   "scholarship_URL": "http://www.latutors123.com/scholarship/",
   "award": "500",
   "merit_or_need": ""
 },
 {
   "deadline": "5/22/18",
   "scholarship_name": "B.Davis Scholarship",
   "scholarship_URL": "http://www.studentawardsearch.com/scholarships.htm",
   "award": "1000",
   "merit_or_need": ""
 },
 {
   "deadline": "5/25/18",
   "scholarship_name": "Brian Zeiger College Scholarship",
   "scholarship_URL": "http://brianzeiger.com/scholarship/",
   "award": "1000",
   "merit_or_need": ""
 },
 {
   "deadline": "5/27/18",
   "scholarship_name": "Highestcashoffer.com Scholarship",
   "scholarship_URL": "http://highestcashoffer.com/scholarship/",
   "award": "500",
   "merit_or_need": ""
 },
 {
   "deadline": "5/31/18",
   "scholarship_name": "Price Gun Store Scholarship",
   "scholarship_URL": "https://www.pricegun.com/price-gun-store-scholarship/",
   "award": "1000",
   "merit_or_need": ""
 },
 {
   "deadline": "5/31/18",
   "scholarship_name": "AIEZ Driver Safety Scholarship Contest",
   "scholarship_URL": "http://www.autoinsuranceez.com/aiez-driver-safety-scholarship-contest/",
   "award": "1000",
   "merit_or_need": ""
 },
 {
   "deadline": "5/31/18",
   "scholarship_name": "Emily Woodward Scholarship",
   "scholarship_URL": "http://www.realmoney.co.uk/scholarship/",
   "award": "2000",
   "merit_or_need": ""
 },
 {
   "deadline": "5/31/18",
   "scholarship_name": "Gaining Power Over Life Scholarship",
   "scholarship_URL": "https://www.poweroverlife.com/scholarship/",
   "award": "500",
   "merit_or_need": ""
 },
 {
   "deadline": "6/1/18",
   "scholarship_name": "Dr. Walter W. Ristow Prize",
   "scholarship_URL": "http://www.washmapsociety.org/Ristow-Prize.htm",
   "award": "1000",
   "merit_or_need": ""
 },
 {
   "deadline": "6/1/18",
   "scholarship_name": "Asure Software International Scholarship",
   "scholarship_URL": "https://www.asuresoftware.com/about-us/international-scholarship-essay-contest/",
   "award": "2500",
   "merit_or_need": ""
 },
 {
   "deadline": "6/1/18",
   "scholarship_name": "GeekWrapped Scholarship",
   "scholarship_URL": "https://www.geekwrapped.com/scholarship",
   "award": "1000",
   "merit_or_need": ""
 },
 {
   "deadline": "6/1/18",
   "scholarship_name": "Annual CGTrader Scholarship",
   "scholarship_URL": "https://www.cgtrader.com/scholarship",
   "award": "2000",
   "merit_or_need": ""
 },
 {
   "deadline": "6/1/18",
   "scholarship_name": "Fundera Small Business & Technology Scholarship",
   "scholarship_URL": "https://www.fundera.com/resources/fundera-scholarship",
   "award": "2000",
   "merit_or_need": ""
 },
 {
   "deadline": "6/2/18",
   "scholarship_name": "Arctic Chiropractic Got a Spine Scholarship",
   "scholarship_URL": "http://www.arcticchiropracticfairbanks.com/chiropractor_fairbanks.php",
   "award": "500",
   "merit_or_need": ""
 },
 {
   "deadline": "6/5/18",
   "scholarship_name": "TicketHelp Scholarship",
   "scholarship_URL": "https://www.tickethelp.com/safe-driver-scholarship/",
   "award": "1000",
   "merit_or_need": ""
 },
 {
   "deadline": "6/10/18",
   "scholarship_name": "Clara Lionel Foundation Global Scholarship Program",
   "scholarship_URL": "https://www.scholarsapply.org/claralionelfdn/",
   "award": "5000",
   "merit_or_need": ""
 },
 {
   "deadline": "6/14/18",
   "scholarship_name": "Abbot and Fenner Scholarship Program",
   "scholarship_URL": "http://www.abbottandfenner.com/scholarships.php",
   "award": "1000",
   "merit_or_need": ""
 },
 {
   "deadline": "6/15/18",
   "scholarship_name": "Mommasbaby Scholarship",
   "scholarship_URL": "http://www.mommasbaby.com/scholarship/",
   "award": "500",
   "merit_or_need": ""
 },
 {
   "deadline": "6/15/18",
   "scholarship_name": "Laybourne Law Firm Essay Scholarship",
   "scholarship_URL": "https://www.laybournelawfirm.com/scholarship/",
   "award": "500",
   "merit_or_need": ""
 },
 {
   "deadline": "6/15/18",
   "scholarship_name": "Best Value Education Scholarship",
   "scholarship_URL": "https://www.bestvalueschools.org/scholarship/",
   "award": "500",
   "merit_or_need": ""
 },
 {
   "deadline": "6/15/18",
   "scholarship_name": "Custom Award and Recognition Scholarship",
   "scholarship_URL": "https://www.fineawards.com/scholarship",
   "award": "500",
   "merit_or_need": ""
 },
 {
   "deadline": "6/15/18",
   "scholarship_name": "Levy Production Group�s Rising Star in Production Scholarship",
   "scholarship_URL": "https://www.levyproductiongroup.com/video-production-scholarship/",
   "award": "1000",
   "merit_or_need": ""
 },
 {
   "deadline": "6/19/18",
   "scholarship_name": "Hospitality Matters Scholarship",
   "scholarship_URL": "http://www.cascaravacations.com/hospitality-matters-scholarship-entry-page/",
   "award": "500",
   "merit_or_need": ""
 },
 {
   "deadline": "6/20/18",
   "scholarship_name": "LA Tutors Innovation in Education Scholarship",
   "scholarship_URL": "http://www.latutors123.com/scholarship/",
   "award": "500",
   "merit_or_need": ""
 },
 {
   "deadline": "6/21/18",
   "scholarship_name": "Ark Law Group Fresh Start Scholarship Program",
   "scholarship_URL": "https://www.arklawgroup.com/scholarships",
   "award": "1000",
   "merit_or_need": ""
 },
 {
   "deadline": "6/21/18",
   "scholarship_name": "Providian Medical Scholarship",
   "scholarship_URL": "https://www.providianmedical.com/providian-medical-scholarship/",
   "award": "500",
   "merit_or_need": ""
 },
 {
   "deadline": "6/29/18",
   "scholarship_name": "The Dolman Law Group College Scholarship Contest",
   "scholarship_URL": "https://www.dolmanlaw.com/scholarship/",
   "award": "1100",
   "merit_or_need": ""
 },
 {
   "deadline": "6/30/18",
   "scholarship_name": "Page Law's Scholarship Essay Contest",
   "scholarship_URL": "http://www.pagelaw.com/scholarship.html",
   "award": "1000",
   "merit_or_need": ""
 },
 {
   "deadline": "6/30/18",
   "scholarship_name": "MyBioSource Scholarship for All Majors",
   "scholarship_URL": "https://www.mybiosource.com/page.php?name=scholarship_all_majors",
   "award": "1000",
   "merit_or_need": ""
 },
 {
   "deadline": "6/30/18",
   "scholarship_name": "AlgaeCal Health Scholarship",
   "scholarship_URL": "https://www.algaecal.com/expert-insights/algaecal-scholarships/",
   "award": "1000",
   "merit_or_need": ""
 },
 {
   "deadline": "6/30/18",
   "scholarship_name": "Be More Scholarship",
   "scholarship_URL": "https://www.bounceenergy.com/scholarships",
   "award": "2500",
   "merit_or_need": ""
 },
 {
   "deadline": "6/30/18",
   "scholarship_name": "Celebrity Scholarship",
   "scholarship_URL": "http://celebrityscholarship.com/",
   "award": "500",
   "merit_or_need": ""
 },
 {
   "deadline": "6/30/18",
   "scholarship_name": "CompareRaja Scholarship Program",
   "scholarship_URL": "https://www.compareraja.in/scholarship-program.htm",
   "award": "365",
   "merit_or_need": ""
 },
 {
   "deadline": "6/30/18",
   "scholarship_name": "Digital Media and Marketing Scholarship",
   "scholarship_URL": "https://www.brisdigital.com.au/digital-media-marketing-scholarship/",
   "award": "1000",
   "merit_or_need": ""
 },
 {
   "deadline": "6/30/18",
   "scholarship_name": "Hylan Family Scholarship",
   "scholarship_URL": "https://www.drbradhylan.com/scholarship.html",
   "award": "2500",
   "merit_or_need": ""
 },
 {
   "deadline": "7/1/18",
   "scholarship_name": "KB Delta Scholarship",
   "scholarship_URL": "http://kbdelta.com/scholarship.html",
   "award": "1000",
   "merit_or_need": ""
 },
 {
   "deadline": "7/1/18",
   "scholarship_name": "Clearbook Pay It Forward Scholarship",
   "scholarship_URL": "http://www.clearbrookinc.com/academic-scholarship/",
   "award": "1000",
   "merit_or_need": ""
 },
 {
   "deadline": "7/1/18",
   "scholarship_name": "Guiding Light Scholarship",
   "scholarship_URL": "https://nfcperformance.com/pages/guiding-light-scholarship",
   "award": "500",
   "merit_or_need": ""
 },
 {
   "deadline": "7/1/18",
   "scholarship_name": "Blitz Lead Manager Annual Scholarship",
   "scholarship_URL": "https://www.nowblitz.com/blitz-scholarship",
   "award": "1000",
   "merit_or_need": ""
 },
 {
   "deadline": "7/1/18",
   "scholarship_name": "American Pavilion Scholarship",
   "scholarship_URL": "https://americanpavilion.com/annual-general-education-scholarship/",
   "award": "1000",
   "merit_or_need": ""
 },
 {
   "deadline": "7/1/18",
   "scholarship_name": "The Cover Guy Scholarship",
   "scholarship_URL": "https://www.thecoverguy.com/the-cover-guy-annual-scholarship/",
   "award": "500",
   "merit_or_need": ""
 },
 {
   "deadline": "7/1/18",
   "scholarship_name": "Paradigm San Francisco Scholarship",
   "scholarship_URL": "https://paradigmsanfrancisco.com/general-education-scholarship/",
   "award": "1000",
   "merit_or_need": ""
 },
 {
   "deadline": "7/5/18",
   "scholarship_name": "GOGO Charters� National Scholarship for Immigrants and Refugees",
   "scholarship_URL": "http://gogocharters.com/scholarship",
   "award": "10000",
   "merit_or_need": ""
 },
 {
   "deadline": "7/10/18",
   "scholarship_name": "Katy Property Management Scholarship",
   "scholarship_URL": "https://katypropertymanagement.com/katy-property-management-scholarship/",
   "award": "1000",
   "merit_or_need": ""
 },
 {
   "deadline": "7/12/18",
   "scholarship_name": "Hardwich & Pendergast, P.S. Scholarship",
   "scholarship_URL": "https://www.hardwickpendergast.com/scholarship/",
   "award": "500",
   "merit_or_need": ""
 },
 {
   "deadline": "7/15/18",
   "scholarship_name": "Duffy Law Scholarship",
   "scholarship_URL": "http://www.duffylawct.com/duffy-law-llc-1000-scholarship/",
   "award": "1000",
   "merit_or_need": ""
 },
 {
   "deadline": "7/15/18",
   "scholarship_name": "VRG's Vegetarian Video Scholarship",
   "scholarship_URL": "http://www.vrg.org/videoscholarship.php",
   "award": "200",
   "merit_or_need": ""
 },
 {
   "deadline": "7/15/18",
   "scholarship_name": "Tenshon Scholarship",
   "scholarship_URL": "https://www.tenshon.com/pages/scholarship",
   "award": "1500",
   "merit_or_need": ""
 },
 {
   "deadline": "7/15/18",
   "scholarship_name": "Resume Companion Scholarship",
   "scholarship_URL": "https://resumecompanion.com/scholarship/",
   "award": "1000",
   "merit_or_need": ""
 },
 {
   "deadline": "7/15/18",
   "scholarship_name": "Distracted Driving Awareness Scholarship",
   "scholarship_URL": "https://www.davidchristensenlaw.com/distracted-driving-scholarship/",
   "award": "2500",
   "merit_or_need": ""
 },
 {
   "deadline": "7/20/18",
   "scholarship_name": "LA Tutors Innovation in Education Scholarship",
   "scholarship_URL": "http://www.latutors123.com/scholarship/",
   "award": "500",
   "merit_or_need": ""
 },
 {
   "deadline": "7/30/18",
   "scholarship_name": "Finance Your Future Student Scholarship",
   "scholarship_URL": "https://www.opploans.com/scholarship/",
   "award": "2500",
   "merit_or_need": ""
 },
 {
   "deadline": "7/31/18",
   "scholarship_name": "HoshizakiIceMaker.com Supporting STEM Scholarship",
   "scholarship_URL": "https://hoshizakiicemaker.com/stem-scholarship/",
   "award": "1000",
   "merit_or_need": ""
 },
 {
   "deadline": "7/31/18",
   "scholarship_name": "Aall In Limo & Party Bus Scholarship",
   "scholarship_URL": "https://www.aallinlimo.com/scholarship/",
   "award": "2000",
   "merit_or_need": ""
 },
 {
   "deadline": "7/31/18",
   "scholarship_name": "Bankruptcy Law Center Schoiarship",
   "scholarship_URL": "https://www.bankruptcyattorneys.org/bankruptcy-law-center-scholarship-contest/",
   "award": "1000",
   "merit_or_need": ""
 },
 {
   "deadline": "7/31/18",
   "scholarship_name": "DeepBlueDiving.com Marketing Scholarship",
   "scholarship_URL": "http://www.deepbluediving.org/scholarship/",
   "award": "1000",
   "merit_or_need": ""
 },
 {
   "deadline": "7/31/18",
   "scholarship_name": "Michael D. Marion Health and Wellness Scholarship",
   "scholarship_URL": "https://mdmarion.com/scholarship/",
   "award": "1000",
   "merit_or_need": ""
 },
 {
   "deadline": "7/31/18",
   "scholarship_name": "Design Thinking Scholarship",
   "scholarship_URL": "https://www.agitraining.com/scholarships",
   "award": "1000",
   "merit_or_need": ""
 },
 {
   "deadline": "7/31/18",
   "scholarship_name": "Shirtcotton Scholarship",
   "scholarship_URL": "http://www.shirtcotton.com/scholarship.html",
   "award": "1000",
   "merit_or_need": ""
 },
 {
   "deadline": "7/31/18",
   "scholarship_name": "Cantor Motorcycle Law Student Scholarship Fund",
   "scholarship_URL": "https://cantormotorcyclelaw.com/cantor-motorcycle-law-student-scholarship-fund",
   "award": "1000",
   "merit_or_need": ""
 },
 {
   "deadline": "7/31/18",
   "scholarship_name": "Ark Law Group Fresh Start Scholarship Program",
   "scholarship_URL": "https://www.arklawgroup.com/scholarships",
   "award": "1000",
   "merit_or_need": ""
 },
 {
   "deadline": "7/31/18",
   "scholarship_name": "Denver Physical Medicine and Rehab Scholarship Opportunity",
   "scholarship_URL": "http://denverphysicalmedicine.com/scholarship-opportunity/",
   "award": "500",
   "merit_or_need": ""
 },
 {
   "deadline": "7/31/18",
   "scholarship_name": "Future of Construction Technology Scholarship",
   "scholarship_URL": "http://www.notevault.com/future-of-technology-scholarship-application",
   "award": "1000",
   "merit_or_need": ""
 },
 {
   "deadline": "8/1/18",
   "scholarship_name": "Personal Finance Scholarship",
   "scholarship_URL": "https://peerfinance101.com/personal-finance-scholarship/",
   "award": "1000",
   "merit_or_need": ""
 },
 {
   "deadline": "8/1/18",
   "scholarship_name": "Life Coach Spotter Scholarship",
   "scholarship_URL": "http://www.lifecoachspotter.com/scholarship/",
   "award": "1000",
   "merit_or_need": ""
 },
 {
   "deadline": "8/1/18",
   "scholarship_name": "Corban Gunn, Attorney at Law Scholarship",
   "scholarship_URL": "https://www.corbangunn.com/scholarship/",
   "award": "1000",
   "merit_or_need": ""
 },
 {
   "deadline": "8/1/18",
   "scholarship_name": "Melissa Read Memorial Scholarship",
   "scholarship_URL": "https://www.highincomeparents.com/melissa-read-memorial-scholarship/",
   "award": "1000",
   "merit_or_need": ""
 },
 {
   "deadline": "8/3/18",
   "scholarship_name": "BMW of Freeport Scholarship",
   "scholarship_URL": "https://www.bmwoffreeport.com/bmw-of-freeport-scholarship.html",
   "award": "500",
   "merit_or_need": ""
 },
 {
   "deadline": "8/8/18",
   "scholarship_name": "Crescent Electric Supply Company Energy Efficient Scholarship",
   "scholarship_URL": "https://www.cesco.com/energysaverscholarship.html",
   "award": "1000",
   "merit_or_need": ""
 },
 {
   "deadline": "8/10/18",
   "scholarship_name": "Injury Scholarship",
   "scholarship_URL": "http://harrispersonalinjury.com/injury-scholarship/",
   "award": "1000",
   "merit_or_need": ""
 },
 {
   "deadline": "8/15/18",
   "scholarship_name": "MarvelOptics.com Essay Writing Scholarship",
   "scholarship_URL": "https://www.marveloptics.com/about-marvel-optics/scholarship-program/",
   "award": "1500",
   "merit_or_need": ""
 },
 {
   "deadline": "8/20/18",
   "scholarship_name": "LA Tutors Innovation in Education Scholarship",
   "scholarship_URL": "http://www.latutors123.com/scholarship/",
   "award": "500",
   "merit_or_need": ""
 },
 {
   "deadline": "8/29/18",
   "scholarship_name": "Financial Sumo Educational Scholarship Program",
   "scholarship_URL": "http://www.financialsumo.com/scholarship/",
   "award": "1000",
   "merit_or_need": ""
 },
 {
   "deadline": "8/31/18",
   "scholarship_name": "The Clubs of America Scholarship Award for Career Success",
   "scholarship_URL": "https://www.greatclubs.com/scholarship/",
   "award": "1000",
   "merit_or_need": ""
 },
 {
   "deadline": "8/31/18",
   "scholarship_name": "iVein Health & Wellness Scholarship",
   "scholarship_URL": "https://www.ivein.com/scholarship/",
   "award": "2000",
   "merit_or_need": ""
 },
 {
   "deadline": "8/31/18",
   "scholarship_name": "Greg Baumgartner Annual Scholarship",
   "scholarship_URL": "http://www.texas-truckaccidentlawyer.com/scholarship/greg-baumgartner-scholarship/",
   "award": "1000",
   "merit_or_need": ""
 },
 {
   "deadline": "8/31/18",
   "scholarship_name": "Clubs of America Scholarship Award for Career Success",
   "scholarship_URL": "https://www.greatclubs.com/scholarship/",
   "award": "1000",
   "merit_or_need": ""
 },
 {
   "deadline": "8/31/18",
   "scholarship_name": "Commerce Bank Scholarship Sweepstakes",
   "scholarship_URL": "https://commercebank.secondstreetapp.com/Commerce-Bank-Scholarship-Sweepstakes-3/",
   "award": "1000",
   "merit_or_need": ""
 },
 {
   "deadline": "9/8/18",
   "scholarship_name": "GM Genius",
   "scholarship_URL": "https://www.gmgenius.com/",
   "award": "5000",
   "merit_or_need": ""
 },
 {
   "deadline": "9/15/18",
   "scholarship_name": "\"Moving Forward\" Scholarship Contest",
   "scholarship_URL": "https://www.getbellhops.com/scholarship/",
   "award": "3000",
   "merit_or_need": ""
 },
 {
   "deadline": "9/15/18",
   "scholarship_name": "May Firm Injury Scholarship",
   "scholarship_URL": "https://www.mayfirm.com/ventura/",
   "award": "1000",
   "merit_or_need": ""
 },
 {
   "deadline": "9/20/18",
   "scholarship_name": "LA Tutors Innovation in Education Scholarship",
   "scholarship_URL": "http://www.latutors123.com/scholarship/",
   "award": "500",
   "merit_or_need": ""
 },
 {
   "deadline": "9/29/18",
   "scholarship_name": "Gensler Scholarship",
   "scholarship_URL": "http://paveglobal.org/GrantsAndscholarshipsDetails.aspx?sArea=1057",
   "award": "2500",
   "merit_or_need": ""
 },
 {
   "deadline": "9/30/18",
   "scholarship_name": "SurveyWonk.com Scholarship",
   "scholarship_URL": "https://surveyswonk.com/scholarship-program/",
   "award": "750",
   "merit_or_need": ""
 },
 {
   "deadline": "9/30/18",
   "scholarship_name": "Finance Your Future Student Scholarship",
   "scholarship_URL": "https://www.opploans.com/scholarship/",
   "award": "2500",
   "merit_or_need": ""
 },
 {
   "deadline": "10/6/18",
   "scholarship_name": "AES Engineering Scholarship",
   "scholarship_URL": "http://www.aesengineers.com/scholarships.php",
   "award": "500",
   "merit_or_need": ""
 },
 {
   "deadline": "10/10/18",
   "scholarship_name": "My Travel Luggage Advance Scholarship Program",
   "scholarship_URL": "http://www.my-travel-luggage.com/scholarship/",
   "award": "500",
   "merit_or_need": ""
 },
 {
   "deadline": "10/15/18",
   "scholarship_name": "Hasner Law Scholarship",
   "scholarship_URL": "http://www.hasnerlaw.com/scholarship/",
   "award": "1000",
   "merit_or_need": ""
 },
 {
   "deadline": "10/15/18",
   "scholarship_name": "Skinner Law Firm Scholarship",
   "scholarship_URL": "https://www.skinnerlawfirm.net/scholarship/",
   "award": "1000",
   "merit_or_need": ""
 },
 {
   "deadline": "10/20/18",
   "scholarship_name": "LA Tutors Innovation in Education Scholarship",
   "scholarship_URL": "http://www.latutors123.com/scholarship/",
   "award": "500",
   "merit_or_need": ""
 },
 {
   "deadline": "10/25/18",
   "scholarship_name": "Golden Door Scholars",
   "scholarship_URL": "https://www.goldendoorscholars.org/apply.html",
   "award": "7500",
   "merit_or_need": ""
 },
 {
   "deadline": "10/31/18",
   "scholarship_name": "Market Inspector Scholarship",
   "scholarship_URL": "https://www.market-inspector.co.uk/scholarship",
   "award": "1000",
   "merit_or_need": ""
 },
 {
   "deadline": "11/1/18",
   "scholarship_name": "Thomas J. Henry Leadership Scholarship",
   "scholarship_URL": "https://thomasjhenrylaw.com/giving/scholarships/",
   "award": "1000",
   "merit_or_need": ""
 },
 {
   "deadline": "11/1/18",
   "scholarship_name": "Future Designer Scholarship",
   "scholarship_URL": "https://www.cardsdirect.com/scholarship.aspx",
   "award": "2500",
   "merit_or_need": ""
 },
 {
   "deadline": "11/15/18",
   "scholarship_name": "DomCop Scholarship",
   "scholarship_URL": "https://www.domcop.com/scholarship/",
   "award": "1000",
   "merit_or_need": ""
 },
 {
   "deadline": "11/20/18",
   "scholarship_name": "LA Tutors Innovation in Education Scholarship",
   "scholarship_URL": "http://www.latutors123.com/scholarship/",
   "award": "500",
   "merit_or_need": ""
 },
 {
   "deadline": "11/22/18",
   "scholarship_name": "Fountain Law Firm Scholarship",
   "scholarship_URL": "https://www.fountaininjurylaw.com/scholarship/",
   "award": "1000",
   "merit_or_need": ""
 },
 {
   "deadline": "11/30/18",
   "scholarship_name": "HostGator Website Scholarship",
   "scholarship_URL": "https://www.hostgator.com/blog/hostgator-website-scholarship/",
   "award": "1500",
   "merit_or_need": ""
 },
 {
   "deadline": "12/1/18",
   "scholarship_name": "Lamber-Goodnow College Scholarship",
   "scholarship_URL": "https://lambergoodnow.com/scholarships/#college",
   "award": "1000",
   "merit_or_need": ""
 },
 {
   "deadline": "12/1/18",
   "scholarship_name": "Alure Home Improvements Scholarship",
   "scholarship_URL": "http://www.alure.com/alure-scholarship",
   "award": "1000",
   "merit_or_need": "Need"
 },
 {
   "deadline": "12/1/18",
   "scholarship_name": "Chuan Ai Lu Engstrom Memorial Scholarship",
   "scholarship_URL": "https://www.pcb-solutions.com/chuan-ai-lu-engstrom-memorial-scholarship/#",
   "award": "1000",
   "merit_or_need": ""
 },
 {
   "deadline": "12/1/18",
   "scholarship_name": "Casavvy's Annual \"Cash Savvy\" College Scholarship",
   "scholarship_URL": "https://casavvy.com/casavvys-annual-cash-savvy-scholarship/",
   "award": "1000",
   "merit_or_need": ""
 },
 {
   "deadline": "12/1/18",
   "scholarship_name": "AJ Madison $1000 Scholarship",
   "scholarship_URL": "https://www.ajmadison.com/learn/aj-madison-1000-scholarship/",
   "award": "1000",
   "merit_or_need": ""
 },
 {
   "deadline": "12/15/18",
   "scholarship_name": "Depression Treatment Education Scholarship",
   "scholarship_URL": "https://paradigmmalibu.com/annual-depression-treatment-education-scholarship/",
   "award": "1000",
   "merit_or_need": ""
 },
 {
   "deadline": "12/15/18",
   "scholarship_name": "BuyBackWorld.com National Scholarship Contest",
   "scholarship_URL": "http://www.buybackworld.com/scholarship",
   "award": "2000",
   "merit_or_need": ""
 },
 {
   "deadline": "12/15/18",
   "scholarship_name": "CFR Rinkens' Transportation & Logistics Scholarship",
   "scholarship_URL": "https://www.cfrrinkens.com/cfr-rinkens-transportation-logistics-scholarship/",
   "award": "500",
   "merit_or_need": ""
 },
 {
   "deadline": "12/15/18",
   "scholarship_name": "ChameleonJohn.com Student Scholarship",
   "scholarship_URL": "https://www.chameleonjohn.com/scholarship",
   "award": "2000",
   "merit_or_need": ""
 },
 {
   "deadline": "12/15/18",
   "scholarship_name": "Foreclosure.com Scholarship Contest",
   "scholarship_URL": "https://www.foreclosure.com/scholarship",
   "award": "5000",
   "merit_or_need": ""
 },
 {
   "deadline": "12/15/18",
   "scholarship_name": "Lance Surety's $1,500 College Scholarship",
   "scholarship_URL": "https://www.suretybonds.org/surety-bond-scholarship",
   "award": "1500",
   "merit_or_need": ""
 },
 {
   "deadline": "12/15/18",
   "scholarship_name": "Maintenance Care Scholarship",
   "scholarship_URL": "https://www.maintenancecare.com/maintenance-scholarship.html",
   "award": "500",
   "merit_or_need": ""
 },
 {
   "deadline": "12/20/18",
   "scholarship_name": "LA Tutors Innovation in Education Scholarship",
   "scholarship_URL": "http://www.latutors123.com/scholarship/",
   "award": "500",
   "merit_or_need": ""
 },
 {
   "deadline": "12/30/18",
   "scholarship_name": "The MoolahSPOT Scholarship",
   "scholarship_URL": "http://www.moolahspot.com/scholarship/index.cfm",
   "award": "1000",
   "merit_or_need": ""
 },
 {
   "deadline": "12/31/18",
   "scholarship_name": "Because College is Expensive Scholarship",
   "scholarship_URL": "http://cedaredlending.com/scholarship/",
   "award": "500",
   "merit_or_need": ""
 },
 {
   "deadline": "12/31/18",
   "scholarship_name": "HeadsetPlus.com Annual College Scholarship Program",
   "scholarship_URL": "https://headsetplus.com/blog/1000-headsetplus-com-2018-college-scholarship/",
   "award": "1000",
   "merit_or_need": ""
 },
 {
   "deadline": "12/31/18",
   "scholarship_name": "April Cockerham DREAM Act Scholarship",
   "scholarship_URL": "https://thevisafirm.com/2017-dream-act-scholarship/",
   "award": "500",
   "merit_or_need": ""
 },
 {
   "deadline": "12/31/18",
   "scholarship_name": "Customized Girl Annual Scholarship",
   "scholarship_URL": "https://www.customizedgirl.com/info/top50",
   "award": "500",
   "merit_or_need": ""
 },
 {
   "deadline": "12/31/18",
   "scholarship_name": "All Top Reviews Writing Contest",
   "scholarship_URL": "https://alltopreviews.com/writing-contest",
   "award": "500",
   "merit_or_need": ""
 },
 {
   "deadline": "12/31/18",
   "scholarship_name": "Apprentice Ecologist Initiative",
   "scholarship_URL": "http://www.wildernessproject.org/volunteer_apprentice_ecologist",
   "award": "1000",
   "merit_or_need": ""
 },
 {
   "deadline": "12/31/18",
   "scholarship_name": "Best Price Nutrition and Health Scholarship",
   "scholarship_URL": "http://www.bestpricenutrition.com/scholarship.html",
   "award": "1000",
   "merit_or_need": ""
 },
 {
   "deadline": "12/31/18",
   "scholarship_name": "Cookin' It Old School Campaign",
   "scholarship_URL": "https://www.dosomething.org/us/campaigns/cookin-it-old-school?source=campaigns",
   "award": "2000",
   "merit_or_need": ""
 },
 {
   "deadline": "12/31/18",
   "scholarship_name": "CouponSurf Entrepreneurs Scholarship",
   "scholarship_URL": "http://couponsurf.com/scholarship/",
   "award": "1000",
   "merit_or_need": ""
 },
 {
   "deadline": "12/31/18",
   "scholarship_name": "Empathy for Animals Scholarship Award",
   "scholarship_URL": "https://petlifetoday.com/efa-veterinary-scholarship/",
   "award": "500",
   "merit_or_need": ""
 },
 {
   "deadline": "12/31/18",
   "scholarship_name": "Escape Tactic Puzzle Scholarship",
   "scholarship_URL": "https://escapetactic.com/scholarship/",
   "award": "1000",
   "merit_or_need": ""
 },
 {
   "deadline": "12/31/18",
   "scholarship_name": "Finance Your Future Student Scholarship",
   "scholarship_URL": "https://www.opploans.com/scholarship/",
   "award": "2500",
   "merit_or_need": ""
 },
 {
   "deadline": "12/31/18",
   "scholarship_name": "Future Entrepreneurs Scholarship",
   "scholarship_URL": "https://www.iseecars.com/scholarship",
   "award": "1000",
   "merit_or_need": ""
 },
 {
   "deadline": "12/31/18",
   "scholarship_name": "Future of Construction Technology Scholarship",
   "scholarship_URL": "http://www.notevault.com/future-of-technology-scholarship-application",
   "award": "1000",
   "merit_or_need": ""
 },
 {
   "deadline": "12/31/18",
   "scholarship_name": "Gotranscript Academic Scholarship Program",
   "scholarship_URL": "https://gotranscript.com/scholarship-program",
   "award": "1000",
   "merit_or_need": ""
 },
 {
   "deadline": "12/31/18",
   "scholarship_name": "Guardian Debt Relief Scholarship",
   "scholarship_URL": "https://www.guardiandebtrelief.com/guardian-debt-relief-scholarship/",
   "award": "1000",
   "merit_or_need": ""
 },
 {
   "deadline": "1/1/19",
   "scholarship_name": "Anchell International Documentary Photography Scholarship",
   "scholarship_URL": "http://anchellworkshops.com/scholarship/",
   "award": "1000",
   "merit_or_need": ""
 },
 {
   "deadline": "1/1/19",
   "scholarship_name": "Avvo Undergraduate/ Pre-law Scholarship",
   "scholarship_URL": "http://scholarships.avvo.com/undergraduate-pre-law-student-scholarship/",
   "award": "5000",
   "merit_or_need": ""
 },
 {
   "deadline": "1/1/19",
   "scholarship_name": "Fundera Small Business & Technology Scholarship",
   "scholarship_URL": "https://www.fundera.com/resources/fundera-scholarship",
   "award": "2000",
   "merit_or_need": ""
 },
 {
   "deadline": "1/15/19",
   "scholarship_name": "Arthur W. Pense Scholarship",
   "scholarship_URL": "https://www.nysarc.org/index.php/about/scholarships-and-awards/scholarships/",
   "award": "3000",
   "merit_or_need": ""
 },
 {
   "deadline": "1/15/19",
   "scholarship_name": "Joseph T. Weingold Scholarship",
   "scholarship_URL": "https://www.nysarc.org/index.php/about/scholarships-and-awards/scholarships/",
   "award": "3000",
   "merit_or_need": ""
 },
 {
   "deadline": "1/16/19",
   "scholarship_name": "Direct Textbook \"Shine\" Photo Essay Contest",
   "scholarship_URL": "https://www.directtextbook.com/photocontest",
   "award": "500",
   "merit_or_need": ""
 },
 {
   "deadline": "Multiple a Month",
   "scholarship_name": "DoSomething.org Easy Scholarships",
   "scholarship_URL": "https://www.dosomething.org/us/about/easy-scholarships",
   "award": "5000",
   "merit_or_need": ""
 }
]